{
  "version": 1,
  "author": "Mr. SITTICHAI KUCHKEAW",
  "editor": "wokwi",
  "parts": [
    {
      "type": "board-esp32-devkit-c-v4",
      "id": "esp",
      "top": -39.54,
      "left": -41.5,
      "rotate": 270,
      "attrs": {}
    },
    {
      "type": "wokwi-relay-module",
      "id": "relay1",
      "top": 198.2,
      "left": -102.8,
      "rotate": 90,
      "attrs": {}
    },
    {
      "type": "wokwi-led",
      "id": "led1",
      "top": 376,
      "left": -73,
      "rotate": 180,
      "attrs": { "color": "red", "flip": "1" }
    },
    {
      "type": "wokwi-resistor",
      "id": "r1",
      "top": 331.2,
      "left": -77.35,
      "rotate": 90,
      "attrs": { "value": "330000" }
    },
    {
      "type": "wokwi-relay-module",
      "id": "relay2",
      "top": 198.2,
      "left": -26,
      "rotate": 90,
      "attrs": {}
    },
    {
      "type": "wokwi-pushbutton",
      "id": "btn1",
      "top": 230.3,
      "left": -169.3,
      "rotate": 90,
      "attrs": { "color": "green", "xray": "1" }
    },
    {
      "type": "wokwi-led",
      "id": "led2",
      "top": 376,
      "left": 3.8,
      "rotate": 180,
      "attrs": { "color": "red", "flip": "1" }
    },
    {
      "type": "wokwi-resistor",
      "id": "r3",
      "top": 331.2,
      "left": -0.55,
      "rotate": 90,
      "attrs": { "value": "220000" }
    }
  ],
  "connections": [
    [ "esp:TX", "$serialMonitor:RX", "", [] ],
    [ "esp:RX", "$serialMonitor:TX", "", [] ],
    [ "relay1:VCC", "esp:3V3", "red", [ "v-38.4", "h-38.4" ] ],
    [ "relay1:GND", "esp:GND.2", "black", [ "v-28.8", "h173.2", "v-153.6", "h-201.6" ] ],
    [ "relay1:IN", "esp:32", "green", [ "v-19.2", "h38.6" ] ],
    [ "led1:A", "r1:2", "red", [ "v0" ] ],
    [ "r1:1", "relay1:NO", "red", [ "h0" ] ],
    [ "led1:C", "esp:GND.2", "black", [ "v-86.4", "h-47.6", "v-297.6", "h38.4" ] ],
    [ "relay1:COM", "esp:3V3", "red", [ "v20.4", "h39.8", "v-144", "h-67.2" ] ],
    [ "r3:1", "relay2:NO", "red", [ "h0" ] ],
    [ "led2:A", "r3:2", "red", [ "v0" ] ],
    [ "relay2:COM", "esp:3V3", "red", [ "v20.4", "h49.4", "v-134.4", "h-153.6" ] ],
    [ "led2:C", "esp:GND.2", "black", [ "v-76.8", "h-114.8", "v-297.6", "h28.8" ] ],
    [ "btn1:2.r", "esp:GND.2", "black", [ "v9.8", "h-38.6", "v-297.6", "h115.2" ] ],
    [ "relay2:VCC", "esp:3V3", "red", [ "v-38.4", "h-115.2" ] ],
    [ "relay2:GND", "esp:GND.2", "black", [ "v-19.2", "h106", "v-172.8", "h-211.2" ] ],
    [ "relay2:IN", "esp:33", "green", [ "v-19.2", "h-28.6" ] ],
    [ "btn1:1.l", "esp:12", "green", [ "v-48", "h182.4", "v-48", "h-9.6" ] ]
  ],
  "dependencies": {}
}